;nl.tudelft.jpacman.board.Square#Square();nl.tudelft.jpacman.board.BasicSquare#BasicSquare();nl.tudelft.jpacman.board.Unit#Unit();nl.tudelft.jpacman.board.BasicUnit#BasicUnit();nl.tudelft.jpacman.cucumber.CucumberTest#CucumberTest();nl.tudelft.jpacman.game.Game#Game();nl.tudelft.jpacman.board.Direction#Direction(java.lang.String,int,int,int);nl.tudelft.jpacman.board.BoardFactory#BoardFactory(nl.tudelft.jpacman.sprite.PacManSprites);nl.tudelft.jpacman.sprite.PacManSprites#PacManSprites();nl.tudelft.jpacman.sprite.SpriteStore#SpriteStore();nl.tudelft.jpacman.PacmanConfigurationException#PacmanConfigurationException(java.lang.String);nl.tudelft.jpacman.PacmanConfigurationException#PacmanConfigurationException(java.lang.String,java.lang.Throwable);nl.tudelft.jpacman.sprite.AnimatedSprite#AnimatedSprite(nl.tudelft.jpacman.sprite.Sprite[],int,boolean);nl.tudelft.jpacman.sprite.AnimatedSprite#AnimatedSprite(nl.tudelft.jpacman.sprite.Sprite[],int,boolean,boolean);nl.tudelft.jpacman.npc.ghost.GhostColor#GhostColor(java.lang.String,int);nl.tudelft.jpacman.board.BoardFactory$Ground#BoardFactory$Ground(nl.tudelft.jpacman.sprite.Sprite);nl.tudelft.jpacman.board.BoardFactory$Wall#BoardFactory$Wall(nl.tudelft.jpacman.sprite.Sprite);nl.tudelft.jpacman.board.Board#Board(nl.tudelft.jpacman.board.Square[][]);nl.tudelft.jpacman.cucumber.StateNavigationSteps#StateNavigationSteps();nl.tudelft.jpacman.Launcher#Launcher();nl.tudelft.jpacman.game.GameFactory#GameFactory(nl.tudelft.jpacman.level.PlayerFactory);nl.tudelft.jpacman.game.SinglePlayerGame#SinglePlayerGame(nl.tudelft.jpacman.level.Player,nl.tudelft.jpacman.level.Level);nl.tudelft.jpacman.level.PlayerFactory#PlayerFactory(nl.tudelft.jpacman.sprite.PacManSprites);nl.tudelft.jpacman.level.MapParser#MapParser(nl.tudelft.jpacman.level.LevelFactory,nl.tudelft.jpacman.board.BoardFactory);nl.tudelft.jpacman.level.LevelFactory#LevelFactory(nl.tudelft.jpacman.sprite.PacManSprites,nl.tudelft.jpacman.npc.ghost.GhostFactory);nl.tudelft.jpacman.npc.NPC#NPC();nl.tudelft.jpacman.npc.ghost.Ghost#Ghost(java.util.Map,int,int);nl.tudelft.jpacman.level.LevelFactory$RandomGhost#LevelFactory$RandomGhost(java.util.Map);nl.tudelft.jpacman.npc.ghost.GhostFactory#GhostFactory(nl.tudelft.jpacman.sprite.PacManSprites);nl.tudelft.jpacman.npc.ghost.Blinky#Blinky(java.util.Map);nl.tudelft.jpacman.npc.ghost.Inky#Inky(java.util.Map);nl.tudelft.jpacman.npc.ghost.Pinky#Pinky(java.util.Map);nl.tudelft.jpacman.npc.ghost.Clyde#Clyde(java.util.Map);nl.tudelft.jpacman.sprite.ImageSprite#ImageSprite(java.awt.Image);nl.tudelft.jpacman.level.Pellet#Pellet(int,nl.tudelft.jpacman.sprite.Sprite);nl.tudelft.jpacman.sprite.EmptySprite#EmptySprite();nl.tudelft.jpacman.level.PlayerCollisions#PlayerCollisions();nl.tudelft.jpacman.level.Level#Level(nl.tudelft.jpacman.board.Board,java.util.List,java.util.List,nl.tudelft.jpacman.level.CollisionMap);nl.tudelft.jpacman.level.Player#Player(java.util.Map,nl.tudelft.jpacman.sprite.AnimatedSprite);nl.tudelft.jpacman.ui.PacManUiBuilder#PacManUiBuilder();nl.tudelft.jpacman.Launcher$1#Launcher$1(nl.tudelft.jpacman.Launcher,nl.tudelft.jpacman.game.Game,nl.tudelft.jpacman.level.Player,nl.tudelft.jpacman.board.Direction);nl.tudelft.jpacman.ui.PacManUiBuilder$2#PacManUiBuilder$2(nl.tudelft.jpacman.ui.PacManUiBuilder,nl.tudelft.jpacman.game.Game);nl.tudelft.jpacman.ui.PacManUiBuilder$1#PacManUiBuilder$1(nl.tudelft.jpacman.ui.PacManUiBuilder,nl.tudelft.jpacman.game.Game);nl.tudelft.jpacman.ui.PacManUI#PacManUI(nl.tudelft.jpacman.game.Game,java.util.Map,java.util.Map,nl.tudelft.jpacman.ui.ScorePanel$ScoreFormatter);nl.tudelft.jpacman.ui.ButtonPanel#ButtonPanel(java.util.Map,javax.swing.JFrame);nl.tudelft.jpacman.ui.ScorePanel#ScorePanel(java.util.List);nl.tudelft.jpacman.ui.BoardPanel#BoardPanel(nl.tudelft.jpacman.game.Game);nl.tudelft.jpacman.ui.PacKeyListener#PacKeyListener(java.util.Map);nl.tudelft.jpacman.ui.ButtonPanel$1#ButtonPanel$1(nl.tudelft.jpacman.ui.ButtonPanel,java.util.Map,java.lang.String,javax.swing.JFrame);nl.tudelft.jpacman.ui.ScorePanel$1#ScorePanel$1();nl.tudelft.jpacman.ui.PacManUI$1#PacManUI$1(nl.tudelft.jpacman.ui.PacManUI);nl.tudelft.jpacman.level.Level$NpcMoveTask#Level$NpcMoveTask(nl.tudelft.jpacman.level.Level,java.util.concurrent.ScheduledExecutorService,nl.tudelft.jpacman.npc.NPC);nl.tudelft.jpacman.npc.ghost.Navigation#Navigation();nl.tudelft.jpacman.npc.ghost.Navigation$Node#Navigation$Node(nl.tudelft.jpacman.board.Direction,nl.tudelft.jpacman.board.Square,nl.tudelft.jpacman.npc.ghost.Navigation$Node)
nl.tudelft.jpacman.board.BoardFactoryTest#connectedEast;1;1;0;0;0;0;1;1;0;0;0;0;0;0;0;0;0;1;0;0;0;0;0;0;0;0;0;0;0;0;0;0;0;0;0;0;0;0;0;0;0;0;0;0;0;0;0;0;0;0;0;0;0;0
nl.tudelft.jpacman.board.BoardFactoryTest#connectedWest;1;1;0;0;0;0;0;1;0;0;0;0;0;0;0;0;0;1;0;0;0;0;0;0;0;0;0;0;0;0;0;0;0;0;0;0;0;0;0;0;0;0;0;0;0;0;0;0;0;0;0;0;0;0
nl.tudelft.jpacman.board.BoardFactoryTest#worldIsRound;1;1;0;0;0;0;0;1;0;0;0;0;0;0;0;0;0;1;0;0;0;0;0;0;0;0;0;0;0;0;0;0;0;0;0;0;0;0;0;0;0;0;0;0;0;0;0;0;0;0;0;0;0;0
nl.tudelft.jpacman.board.BoardFactoryTest#connectedNorth;1;1;0;0;0;0;0;1;0;0;0;0;0;0;0;0;0;1;0;0;0;0;0;0;0;0;0;0;0;0;0;0;0;0;0;0;0;0;0;0;0;0;0;0;0;0;0;0;0;0;0;0;0;0
nl.tudelft.jpacman.board.BoardFactoryTest#connectedSouth;1;1;0;0;0;0;0;1;0;0;0;0;0;0;0;0;0;1;0;0;0;0;0;0;0;0;0;0;0;0;0;0;0;0;0;0;0;0;0;0;0;0;0;0;0;0;0;0;0;0;0;0;0;0
nl.tudelft.jpacman.board.BoardTest#verifyWidth;0;0;0;0;0;0;0;0;0;0;0;0;0;0;0;0;0;1;0;0;0;0;0;0;0;0;0;0;0;0;0;0;0;0;0;0;0;0;0;0;0;0;0;0;0;0;0;0;0;0;0;0;0;0
nl.tudelft.jpacman.board.BoardTest#verifyX0Y0;0;0;0;0;0;0;0;0;0;0;0;0;0;0;0;0;0;1;0;0;0;0;0;0;0;0;0;0;0;0;0;0;0;0;0;0;0;0;0;0;0;0;0;0;0;0;0;0;0;0;0;0;0;0
nl.tudelft.jpacman.board.BoardTest#verifyX0Y1;0;0;0;0;0;0;0;0;0;0;0;0;0;0;0;0;0;1;0;0;0;0;0;0;0;0;0;0;0;0;0;0;0;0;0;0;0;0;0;0;0;0;0;0;0;0;0;0;0;0;0;0;0;0
nl.tudelft.jpacman.board.BoardTest#verifyX1Y2;0;0;0;0;0;0;0;0;0;0;0;0;0;0;0;0;0;1;0;0;0;0;0;0;0;0;0;0;0;0;0;0;0;0;0;0;0;0;0;0;0;0;0;0;0;0;0;0;0;0;0;0;0;0
nl.tudelft.jpacman.board.BoardTest#verifyHeight;0;0;0;0;0;0;0;0;0;0;0;0;0;0;0;0;0;1;0;0;0;0;0;0;0;0;0;0;0;0;0;0;0;0;0;0;0;0;0;0;0;0;0;0;0;0;0;0;0;0;0;0;0;0
nl.tudelft.jpacman.board.OccupantTest#noStartSquare;0;0;1;1;0;0;0;0;0;0;0;0;0;0;0;0;0;0;0;0;0;0;0;0;0;0;0;0;0;0;0;0;0;0;0;0;0;0;0;0;0;0;0;0;0;0;0;0;0;0;0;0;0;0
nl.tudelft.jpacman.board.OccupantTest#testReoccupy;1;1;1;1;0;0;0;0;0;0;0;0;0;0;0;0;0;0;0;0;0;0;0;0;0;0;0;0;0;0;0;0;0;0;0;0;0;0;0;0;0;0;0;0;0;0;0;0;0;0;0;0;0;0
nl.tudelft.jpacman.board.OccupantTest#testOccupy;1;1;1;1;0;0;0;0;0;0;0;0;0;0;0;0;0;0;0;0;0;0;0;0;0;0;0;0;0;0;0;0;0;0;0;0;0;0;0;0;0;0;0;0;0;0;0;0;0;0;0;0;0;0
nl.tudelft.jpacman.board.SquareTest#testLeave;1;1;0;0;0;0;0;0;0;0;0;0;0;0;0;0;0;0;0;0;0;0;0;0;0;0;0;0;0;0;0;0;0;0;0;0;0;0;0;0;0;0;0;0;0;0;0;0;0;0;0;0;0;0
nl.tudelft.jpacman.board.SquareTest#testOrder;1;1;0;0;0;0;0;0;0;0;0;0;0;0;0;0;0;0;0;0;0;0;0;0;0;0;0;0;0;0;0;0;0;0;0;0;0;0;0;0;0;0;0;0;0;0;0;0;0;0;0;0;0;0
nl.tudelft.jpacman.board.SquareTest#testOccupy;1;1;0;0;0;0;0;0;0;0;0;0;0;0;0;0;0;0;0;0;0;0;0;0;0;0;0;0;0;0;0;0;0;0;0;0;0;0;0;0;0;0;0;0;0;0;0;0;0;0;0;0;0;0
nl.tudelft.jpacman.LauncherSmokeTest#smokeTest;1;0;1;0;0;1;0;1;0;0;0;0;1;1;0;1;1;1;0;1;1;1;1;1;1;1;1;0;1;1;1;1;1;1;1;0;1;1;1;1;1;1;1;1;1;1;1;1;1;0;1;1;0;1
nl.tudelft.jpacman.level.LevelTest#startStop;0;0;0;0;0;0;0;0;0;0;0;0;0;0;0;0;0;0;0;0;0;0;0;0;0;0;0;0;0;0;0;0;0;0;0;0;0;1;0;0;0;0;0;0;0;0;0;0;0;0;0;1;0;0
nl.tudelft.jpacman.level.LevelTest#registerSecondPlayer;0;0;0;0;0;0;0;0;0;0;0;0;0;0;0;0;0;0;0;0;0;0;0;0;0;0;0;0;0;0;0;0;0;0;0;0;0;1;0;0;0;0;0;0;0;0;0;0;0;0;0;0;0;0
nl.tudelft.jpacman.level.LevelTest#registerThirdPlayer;0;0;0;0;0;0;0;0;0;0;0;0;0;0;0;0;0;0;0;0;0;0;0;0;0;0;0;0;0;0;0;0;0;0;0;0;0;1;0;0;0;0;0;0;0;0;0;0;0;0;0;0;0;0
nl.tudelft.jpacman.level.LevelTest#registerPlayerTwice;0;0;0;0;0;0;0;0;0;0;0;0;0;0;0;0;0;0;0;0;0;0;0;0;0;0;0;0;0;0;0;0;0;0;0;0;0;1;0;0;0;0;0;0;0;0;0;0;0;0;0;0;0;0
nl.tudelft.jpacman.level.LevelTest#registerPlayer;0;0;0;0;0;0;0;0;0;0;0;0;0;0;0;0;0;0;0;0;0;0;0;0;0;0;0;0;0;0;0;0;0;0;0;0;0;1;0;0;0;0;0;0;0;0;0;0;0;0;0;0;0;0
nl.tudelft.jpacman.level.LevelTest#stop;0;0;0;0;0;0;0;0;0;0;0;0;0;0;0;0;0;0;0;0;0;0;0;0;0;0;0;0;0;0;0;0;0;0;0;0;0;1;0;0;0;0;0;0;0;0;0;0;0;0;0;0;0;0
nl.tudelft.jpacman.level.LevelTest#start;0;0;0;0;0;0;0;0;0;0;0;0;0;0;0;0;0;0;0;0;0;0;0;0;0;0;0;0;0;0;0;0;0;0;0;0;0;1;0;0;0;0;0;0;0;0;0;0;0;0;0;1;0;0
nl.tudelft.jpacman.level.LevelTest#noStart;0;0;0;0;0;0;0;0;0;0;0;0;0;0;0;0;0;0;0;0;0;0;0;0;0;0;0;0;0;0;0;0;0;0;0;0;0;1;0;0;0;0;0;0;0;0;0;0;0;0;0;0;0;0
nl.tudelft.jpacman.npc.ghost.NavigationTest#testSimplePath;1;0;0;0;0;0;0;1;1;1;0;0;0;0;0;1;1;1;0;0;0;0;0;1;1;0;0;0;1;0;0;0;0;1;0;0;1;1;0;0;0;0;0;0;0;0;0;0;0;0;0;0;0;1
nl.tudelft.jpacman.npc.ghost.NavigationTest#testNoTraveller;1;0;0;0;0;0;0;1;1;1;0;0;0;0;0;1;1;1;0;0;0;0;0;1;1;0;0;0;1;0;0;0;0;1;0;0;1;1;0;0;0;0;0;0;0;0;0;0;0;0;0;0;0;1
nl.tudelft.jpacman.npc.ghost.NavigationTest#testNoShortestPath;1;0;0;0;0;0;0;1;1;1;0;0;0;0;0;1;1;1;0;0;0;0;0;1;1;0;0;0;1;0;0;0;0;1;0;0;1;1;0;0;0;0;0;0;0;0;0;0;0;0;0;0;0;1
nl.tudelft.jpacman.npc.ghost.NavigationTest#testFullSizedLevel;1;0;1;0;0;0;0;1;1;1;0;0;1;1;0;1;1;1;0;0;0;0;0;1;1;1;1;0;1;1;1;1;1;1;1;0;1;1;0;0;0;0;0;0;0;0;0;0;0;0;0;0;0;0
nl.tudelft.jpacman.npc.ghost.NavigationTest#testShortestPathEmpty;1;0;0;0;0;0;0;1;1;1;0;0;0;0;0;1;0;1;0;0;0;0;0;1;1;0;0;0;1;0;0;0;0;1;0;0;1;1;0;0;0;0;0;0;0;0;0;0;0;0;0;0;0;0
nl.tudelft.jpacman.npc.ghost.NavigationTest#testNoNearestUnit;1;0;0;0;0;0;0;1;1;1;0;0;0;0;0;1;0;1;0;0;0;0;0;1;1;0;0;0;1;0;0;0;0;1;0;0;1;1;0;0;0;0;0;0;0;0;0;0;0;0;0;0;0;0
nl.tudelft.jpacman.npc.ghost.NavigationTest#testCornerPath;1;0;0;0;0;0;0;1;1;1;0;0;0;0;0;1;1;1;0;0;0;0;0;1;1;0;0;0;1;0;0;0;0;1;0;0;1;1;0;0;0;0;0;0;0;0;0;0;0;0;0;0;0;1
nl.tudelft.jpacman.npc.ghost.NavigationTest#testNearestUnit;1;0;1;0;0;0;0;1;1;1;0;0;0;0;0;1;1;1;0;0;0;0;0;1;1;0;0;0;1;0;0;0;0;1;1;0;1;1;0;0;0;0;0;0;0;0;0;0;0;0;0;0;0;0
nl.tudelft.jpacman.sprite.SpriteTest#splitOutOfBounds;0;0;0;0;0;0;0;0;0;1;0;0;0;0;0;0;0;0;0;0;0;0;0;0;0;0;0;0;0;0;0;0;0;1;0;1;0;0;0;0;0;0;0;0;0;0;0;0;0;0;0;0;0;0
nl.tudelft.jpacman.sprite.SpriteTest#spriteHeight;0;0;0;0;0;0;0;0;0;1;0;0;0;0;0;0;0;0;0;0;0;0;0;0;0;0;0;0;0;0;0;0;0;1;0;0;0;0;0;0;0;0;0;0;0;0;0;0;0;0;0;0;0;0
nl.tudelft.jpacman.sprite.SpriteTest#animationWidth;0;0;0;0;0;0;0;0;0;1;0;0;1;1;0;0;0;0;0;0;0;0;0;0;0;0;0;0;0;0;0;0;0;1;0;0;0;0;0;0;0;0;0;0;0;0;0;0;0;0;0;0;0;0
nl.tudelft.jpacman.sprite.SpriteTest#splitWidth;0;0;0;0;0;0;0;0;0;1;0;0;0;0;0;0;0;0;0;0;0;0;0;0;0;0;0;0;0;0;0;0;0;1;0;0;0;0;0;0;0;0;0;0;0;0;0;0;0;0;0;0;0;1
nl.tudelft.jpacman.sprite.SpriteTest#spriteWidth;0;0;0;0;0;0;0;0;0;1;0;0;0;0;0;0;0;0;0;0;0;0;0;0;0;0;0;0;0;0;0;0;0;1;0;0;0;0;0;0;0;0;0;0;0;0;0;0;0;0;0;0;0;0
nl.tudelft.jpacman.sprite.SpriteTest#splitHeight;0;0;0;0;0;0;0;0;0;1;0;0;0;0;0;0;0;0;0;0;0;0;0;0;0;0;0;0;0;0;0;0;0;1;0;0;0;0;0;0;0;0;0;0;0;0;0;0;0;0;0;0;0;0
nl.tudelft.jpacman.sprite.SpriteTest#resourceMissing;0;0;0;0;0;0;0;0;0;1;0;0;0;0;0;0;0;0;0;0;0;0;0;0;0;0;0;0;0;0;0;0;0;1;0;0;0;0;0;0;0;0;0;0;0;0;0;0;0;0;0;0;0;0
nl.tudelft.jpacman.sprite.SpriteTest#animationHeight;0;0;0;0;0;0;0;0;0;1;0;0;1;1;0;0;0;0;0;0;0;0;0;0;0;0;0;0;0;0;0;0;0;1;0;0;0;0;0;0;0;0;0;0;0;0;0;0;0;0;0;0;0;0
